index,address,amount
0,0xbd17b1069816c3194e8a7a264f32b8f037d82f8e,73495574999999930368
1,0x66147ec1f1d518b1c1710d79536cdbeabc3d1e71,7292362500000003072
2,0xfa539d4b0724c5a4ff702059576f4df8773a4af2,7292362500000003072
3,0x67ce43ff82711783014f47e88904dfe784410111,7292362500000003072
4,0x0782ea8e5491da625672bd28248557b1237dd6ea,7149375000000008192
5,0x0f7a8ebabea76a2ed2fda765430c060b6d8c5d57,7149375000000008192
6,0x11371a28c9b64841392353f8f8e49bda5be271cf,7149375000000008192
7,0x1956ae04dc039e1690924f54e6afa2895aa8f609,7149375000000008192
8,0x1ced922add26f84eca74656f3cb0594ded78c524,7149375000000008192
9,0x1d56a5ed5cbeaa8885bb61c820b7f897da00531c,7292362500000003072
10,0x1dbbcb25c3960bf40dfba542ebd5657daf6ea566,7149375000000008192
11,0x211d67957fd6502e8b5e383753b33aba4908b095,7149375000000008192
12,0x2305a370e186a87f3dffd08c9a0b1f31e9520249,7149375000000008192
13,0x240a69cb275ae0635a5ca05cd3b4c1de1f9b7693,7149375000000008192
14,0x25d31e1b6c56d14369d06f91212b7c06b391fa01,7149375000000008192
15,0x2f7ce6efe7480403d0ab55ad073a0e45aa791d38,7149375000000008192
16,0x3154677b603c2b30810b46a56b46892aa09d60e2,7149375000000008192
17,0x31dab15964ea8d3e31bcaf33e52abcb0265bbf23,7149375000000008192
18,0x3703416882864edc058c35e8da5af0b3b135d6bb,7149375000000008192
19,0x3b7e00fae72e5aa85787b7bb70561a9312c3a18e,7149375000000008192
20,0x3c9de435093f0e8e847445357c144587a2fbc9ce,7149375000000008192
21,0x3e70ae34a1c03d8c0ca29bde2144ddc91dfaff23,7149375000000008192
22,0x424aab7795b22e6dad365157cd8c597c8ce2b03d,7149375000000008192
23,0x43ef5ecefd3e40fb04cf51810e12de876c50bb6c,7149375000000008192
24,0x47a92c6ad39044362f8dd4f87036d2e0c147ad81,7149375000000008192
25,0x4c501c8f780f2a4cfa1b549a10d37a1ef0d0c35e,7149375000000008192
26,0x4ed2bd6c6e2d078a5a918c39e85e75eae7048b10,7149375000000008192
27,0x558dcf052d5ecbc782deaec00d44b213b3907a5e,7149375000000008192
28,0x5da13a5131509f5ba6976dd93ebeb8e8e3bb4504,7149375000000008192
29,0x627a12ce1f6d42c9305e03e83fe044e8c3c1a32c,7149375000000008192
30,0x66e3e7eb654385eda94edb769b2c0d2e23fb1c43,7149375000000008192
31,0x69eb750e930bee23f362aed991c011b890c36e54,7149375000000008192
32,0x6b3db5066703e05b4abb303ee9bee72fe8a77c8d,7149375000000008192
33,0x70b3a762189f3dfe24c6f05376105f0092d141d7,7149375000000008192
34,0x77c9e3fe327e90dd4027acdf087bf5082ff9db3f,7149375000000008192
35,0x7939b98d257a14fc3f0dad30f699be2c0cba7d53,7149375000000008192
36,0x79befafb26b5f5ab4f6f424d8867a177075214a9,7149375000000008192
37,0x7ddb1ab23bfc35b1af9987b0740c1291a994fd3a,7149375000000008192
38,0x86aef9beac77fee6f2165e515fce6505f40afc27,7149375000000008192
39,0x87b11cb8bf0052f1c9f6780d56102e4a1779db41,7149375000000008192
40,0x87e7c5afd8eb9776d7402993c95af3f5727513f2,7149375000000008192
41,0x8a9e875eeb70e2a35f0eb34999cc981bc2882f44,7149375000000008192
42,0x8adedee4d877af46c4665be6e38c21c7d4aa8a5b,7149375000000008192
43,0x9220a7470ea712f0b56a3ea1232fd11070eaeff0,7149375000000008192
44,0x925c17961466b39b528ab54568b81d3efb59abcd,7149375000000008192
45,0x95845a669d2e35e25d038cc8813d51ff82938141,7149375000000008192
46,0x98440184426887970b7c3141e3019b6f39406476,7149375000000008192
47,0x99a144ddbc8a0e2938878c2655fc1ce9620639f7,7149375000000008192
48,0x9f13c11426a4794c721948fadbd4cd079e556e37,7149375000000008192
49,0x9fbabba60ac93b65184f8992900b01a03f92d93c,7149375000000008192
50,0x9ffbc8ca4c4790a7887d1f3e0dcd7e879b6ff26a,7149375000000008192
51,0xa85faf1b65984cce06ce587103c4166b929a1281,7149375000000008192
52,0xa9d6ab42f32dc476269db2407715d8c15a36d781,8150287499999997952
53,0xaae7223ed3eb891de6ff6372f12183e12450cc12,7149375000000008192
54,0xadff18dcfbd179fa03f79d6f45bdda6abe801d65,7149375000000008192
55,0xaea38b52d0ba2a6c031c40d11d80b42f31cc3499,7149375000000008192
56,0xaeb2746fe0e7a5b815cb246e06e3d165f1936808,7149375000000008192
57,0xb056e8e084cbb0f2fa65421be98804a767c2fcf1,7149375000000008192
58,0xb23c95807591d6d99e107c27b2c7f8caf997f948,14298750000000016384
59,0xb432cedc06281ffba8f1065ee5e32cee898ebb88,7149375000000008192
60,0xb4351feaa7e77c22ece97fddea9a336a28f159e9,7149375000000008192
61,0xb43b25ec82a030792d4ffac109cdcc353f118d75,7149375000000008192
62,0xb5aeacb1ab32e63445ba5d85ff6539ffbcff2464,7149375000000008192
63,0xbb9cd9e7312e00bcb49c3848116141da0b73a946,7149375000000008192
64,0xbe3fe119c7183673181d726b819ffdd2fdafbd6e,7149375000000008192
65,0xbe6a29a17a63f2903c4cc3f60d08e43558d09bd1,7149375000000008192
66,0xcd4fb7d50246cf2f3e15c49115a3fbb1cac8099f,7149375000000008192
67,0xd0813bf66db3742ce78cd9ebfa2e2f2f7bb14da1,7149375000000008192
68,0xd22fbb207e158218b7c3f79d070b7d910c635dc9,7149375000000008192
69,0xd2424545c5097072d21ba7e46783363696245870,7149375000000008192
70,0xd5aa6c7f5ee7b913d37d3dc28911288abf54f430,7149375000000008192
71,0xdc01c04d492007ff2e676ddda6160199d9be131c,7149375000000008192
72,0xdf8002e144f9257ad20d792359183abc9b01f08d,7149375000000008192
73,0xe1c85f50efff8184868c7305923f8d148cea5ad4,7149375000000008192
74,0xe26cbc14b04d883c00548adf5c1bb474d7d33bd4,7149375000000008192
75,0xe5b8de0934d39b352a702ded249d18b7288212c6,14298750000000016384
76,0xe666e880c101f94053fce6ebc86562e8332bd4bd,7149375000000008192
77,0xe72a38dfcf8a7a169e7109f908877fa28532a6ae,7149375000000008192
78,0xeb5d23f21504fe625458036eaaa1d406b6a72dc3,7149375000000008192
79,0xf104846ebf279785272d22a5b3b4c3c28e45399c,7149375000000008192
80,0xf378098866861068fe96e1bae8e08c9603e3e929,7149375000000008192
81,0xf3e2c962cbb7a1e6d943d16a25f69c09e5339528,7149375000000008192
82,0xf4d9456e0819c6ec402b91e504f035d6bef5dfd1,7149375000000008192
83,0xfd675c7bf9636dfd2b5b46f2d9bd3fbc60f1bc20,7149375000000008192
84,0x698deee2164f31796597164707767dbbc48db8c8,7149375000000008192
85,0xd6ff7017b115b5d159ebeaf71f6c5b5931184f1d,7149375000000008192
86,0xf7857017afc03028730c5e2b5907dbd4648c345c,7149375000000008192
87,0x7251f62a8e56fede7c86888a89571c3fa2d6df06,14298750000000016384
88,0x7b60432f38a0eb82fdb5c77e902dc2dc28d4c2aa,7149375000000008192
89,0x794428941d4c0bbc589b9571e065b023a3f4b5cb,7149375000000008192
90,0x251ba55ad0c0e49218aa7fc7b44780ed86b1d7ad,7149375000000008192
91,0xc56bf5a78098115cf31de85feef41895c7b1605d,7149375000000008192
92,0xd9e530cd45bbefe28142bf5b677b27fb91cfedda,7149375000000008192
93,0x8f6bf4a948af2fc74ee34982c4435a7c013d1a52,684184311965015680
94,0x8f282c5e190afcdce3fe8e86d7752e89941f630d,635221510454169216
95,0x2de4a692e567da827cd6ddcb727b775dabeca5db,787815280886096896
96,0x52ceb8ebef648744ffdde89f7bc9c3ac35944775,9222344178866495488
97,0x29384a295cce669b9edcd96e1ad41127e4340caf,33624013860460156
98,0x72a228bd780cb41ba27bfc729e3cbceec75b9a7f,22869111655339548
99,0xeafc1e8076500fd0b286d575bbeabad0794d3125,32416393558539908
100,0x7e59691f6b72d8cc5c64fb6eb4b00f28117802e8,25899088341172216
101,0x36f45c7490a77f101cc12cab11ff3a8738621f1d,40455613668305840
102,0xdb469e1a0afbfee783c266ad7f251b44b1f8279e,43893178503364368
103,0x5078e91df99490ef44e35ddde3246172d22d29bc,39778904559809368
104,0x3b5477cecbc12ada85728cd06cd98c9c87bceae7,34831818615288164
105,0x970f1a3e7e36fa0e421eb816eb68be938332c45d,29846385649982840
106,0xcb5d2b58e160162355f4ef79e723008d4fa39825,168190014294021312
107,0xb492b536e20eabc16857b79d672556773ad7518d,33282543757383144
108,0x86870c1b2872ff8f0beddddd57e869ef99f4966b,36311691196571816
109,0x2847dd0cde8d58740e52666e912c015189e11b5e,28582629570180736
110,0x00425d3bb4b326e00edcb53a7bdbe205847efe26,28262185156357384
111,0x36ce57db0eae67bc827afc7ff0d287ca8dcc359f,34333859279740852
112,0x4830d191aaac7a58ce61739781ec684ccb9d45e5,34482936638579616
113,0x513603aa35e07a6e899e351168a45f8005f7032e,1042995707496227072
114,0x245fcce2d5d0e365c2777b5984460742ce438e7e,109559325068385104
115,0xe0ca2e8451361c1667bcc92f6785d5160790db67,28564759209848356
116,0xc92be5c1a82da1ab3984a3923dcc5d8576279c7d,25955284601109708
117,0xc37570809df38b06540e259eda187f7210299d3d,40939566598440848
118,0x36116cc21be5d62bf27e1e7967b762d26c2f944c,55112989761938520
119,0x5b369382e7b6432f159f4a89cb10e7a1f912bdfa,69493962101532600
120,0xb095845e050f230f9ce584bdc54435e82aa032d3,116524508886692176
121,0xe3ef451bb3c76aa1c65318c61c4ea847c218436d,66224762706868672
122,0x74c65c2d640bd2e1bc4e25d914243546ba056fc8,70783789533200576
123,0x337c99c5d1267b4c551bfeecfa37692177c671ee,64479248634165672
124,0xcacceb1ea657224244da9e7e07cdd699a75602e5,86440088179237888
125,0xb795ecaf5b2c28d1fa29387e239555f147f1e3e3,50838925696202360
126,0x8f7c04653a6d8fbd8349976981a6c3b3dc8f1bf6,59452876513759552
127,0x0b13259cf969ffeb18ca6d00afc9d170b746cc93,57149383409743728
128,0xa0a8751c7c2490132af911a8d089c7e92b080a6e,3574687500000004096
129,0x7177b9d00bb5dbcaaf069cc63190902763783b09,2788504330099053568
130,0xfa4b9ad5bec999211f2a1ddfeb8827b5a11c1b01,1235049566689075
131,0xfbc353452542f758dd8d87e8d19bf33c1d2ed39d,7149375000000008192
132,0xf972199c3fcb6d3330ad1733ead0e67ca9652550,7149375000000008192
133,0xac4363ab752daeae110708edf44ac0d08a93c448,7149375000000008192
134,0xe522cb4a5fcb2eb31a52ff41a4653d85a4fd7c9d,48098505394707939328
135,0x880e9c9f8bfe28ac9c0620c1e8f0268d69db76d3,13813739396752070656
136,0x0000000000000000000000000000000000000000,0
137,0x0000000000000000000000000000000000000000,0
138,0x0000000000000000000000000000000000000000,0
139,0x0000000000000000000000000000000000000000,0
140,0x0000000000000000000000000000000000000000,0
141,0x0000000000000000000000000000000000000000,0
142,0x0000000000000000000000000000000000000000,0
143,0x0000000000000000000000000000000000000000,0
144,0x0000000000000000000000000000000000000000,0
145,0x0000000000000000000000000000000000000000,0
146,0x0000000000000000000000000000000000000000,0
147,0x0000000000000000000000000000000000000000,0
148,0x0000000000000000000000000000000000000000,0
149,0x0000000000000000000000000000000000000000,0
150,0x0000000000000000000000000000000000000000,0
151,0x0000000000000000000000000000000000000000,0
152,0x0000000000000000000000000000000000000000,0
153,0x0000000000000000000000000000000000000000,0
154,0x0000000000000000000000000000000000000000,0
155,0x0000000000000000000000000000000000000000,0
156,0x0000000000000000000000000000000000000000,0
157,0x0000000000000000000000000000000000000000,0
158,0x0000000000000000000000000000000000000000,0
159,0x0000000000000000000000000000000000000000,0
160,0x0000000000000000000000000000000000000000,0
161,0x0000000000000000000000000000000000000000,0
162,0x0000000000000000000000000000000000000000,0
163,0x0000000000000000000000000000000000000000,0
164,0x0000000000000000000000000000000000000000,0
165,0x0000000000000000000000000000000000000000,0
166,0x0000000000000000000000000000000000000000,0
167,0x0000000000000000000000000000000000000000,0
168,0x0000000000000000000000000000000000000000,0
169,0x0000000000000000000000000000000000000000,0
170,0x0000000000000000000000000000000000000000,0
171,0x0000000000000000000000000000000000000000,0
172,0x0000000000000000000000000000000000000000,0
173,0x0000000000000000000000000000000000000000,0
174,0x0000000000000000000000000000000000000000,0
175,0x0000000000000000000000000000000000000000,0
176,0x0000000000000000000000000000000000000000,0
177,0x0000000000000000000000000000000000000000,0
178,0x0000000000000000000000000000000000000000,0
179,0x0000000000000000000000000000000000000000,0
180,0x0000000000000000000000000000000000000000,0
181,0x0000000000000000000000000000000000000000,0
182,0x0000000000000000000000000000000000000000,0
183,0x0000000000000000000000000000000000000000,0
184,0x0000000000000000000000000000000000000000,0
185,0x0000000000000000000000000000000000000000,0
186,0x0000000000000000000000000000000000000000,0
187,0x0000000000000000000000000000000000000000,0
188,0x0000000000000000000000000000000000000000,0
189,0x0000000000000000000000000000000000000000,0
190,0x0000000000000000000000000000000000000000,0
191,0x0000000000000000000000000000000000000000,0
192,0x0000000000000000000000000000000000000000,0
193,0x0000000000000000000000000000000000000000,0
194,0x0000000000000000000000000000000000000000,0
195,0x0000000000000000000000000000000000000000,0
196,0x0000000000000000000000000000000000000000,0
197,0x0000000000000000000000000000000000000000,0
198,0x0000000000000000000000000000000000000000,0
199,0x0000000000000000000000000000000000000000,0
200,0x0000000000000000000000000000000000000000,0
201,0x0000000000000000000000000000000000000000,0
202,0x0000000000000000000000000000000000000000,0
203,0x0000000000000000000000000000000000000000,0
204,0x0000000000000000000000000000000000000000,0
205,0x0000000000000000000000000000000000000000,0
206,0x0000000000000000000000000000000000000000,0
207,0x0000000000000000000000000000000000000000,0
208,0x0000000000000000000000000000000000000000,0
209,0x0000000000000000000000000000000000000000,0
210,0x0000000000000000000000000000000000000000,0
211,0x0000000000000000000000000000000000000000,0
212,0x0000000000000000000000000000000000000000,0
213,0x0000000000000000000000000000000000000000,0
214,0x0000000000000000000000000000000000000000,0
215,0x0000000000000000000000000000000000000000,0
216,0x0000000000000000000000000000000000000000,0
217,0x0000000000000000000000000000000000000000,0
218,0x0000000000000000000000000000000000000000,0
219,0x0000000000000000000000000000000000000000,0
220,0x0000000000000000000000000000000000000000,0
221,0x0000000000000000000000000000000000000000,0
222,0x0000000000000000000000000000000000000000,0
223,0x0000000000000000000000000000000000000000,0
224,0x0000000000000000000000000000000000000000,0
225,0x0000000000000000000000000000000000000000,0
226,0x0000000000000000000000000000000000000000,0
227,0x0000000000000000000000000000000000000000,0
228,0x0000000000000000000000000000000000000000,0
229,0x0000000000000000000000000000000000000000,0
230,0x0000000000000000000000000000000000000000,0
231,0x0000000000000000000000000000000000000000,0
232,0x0000000000000000000000000000000000000000,0
233,0x0000000000000000000000000000000000000000,0
234,0x0000000000000000000000000000000000000000,0
235,0x0000000000000000000000000000000000000000,0
236,0x0000000000000000000000000000000000000000,0
237,0x0000000000000000000000000000000000000000,0
238,0x0000000000000000000000000000000000000000,0
239,0x0000000000000000000000000000000000000000,0
240,0x0000000000000000000000000000000000000000,0
241,0x0000000000000000000000000000000000000000,0
242,0x0000000000000000000000000000000000000000,0
243,0x0000000000000000000000000000000000000000,0
244,0x0000000000000000000000000000000000000000,0
245,0x0000000000000000000000000000000000000000,0
246,0x0000000000000000000000000000000000000000,0
247,0x0000000000000000000000000000000000000000,0
248,0x0000000000000000000000000000000000000000,0
249,0x0000000000000000000000000000000000000000,0
250,0x0000000000000000000000000000000000000000,0
251,0x0000000000000000000000000000000000000000,0
252,0x0000000000000000000000000000000000000000,0
253,0x0000000000000000000000000000000000000000,0
254,0x0000000000000000000000000000000000000000,0
255,0x0000000000000000000000000000000000000000,0